run,recall_before,recall_after,f1_before,f1_after
run_live_random_Evasion_v1,,,,
run_live_random_Evasion_v10,,,,
run_live_random_Evasion_v11,,,,
run_live_random_Evasion_v12,,,,
run_live_random_Evasion_v13,,,,
run_live_random_Evasion_v14,,,,
run_live_random_Evasion_v15,,,,
run_live_random_Evasion_v2,,,,
run_live_random_Evasion_v3,,,,
run_live_random_Evasion_v4,,,,
run_live_random_Evasion_v5,,,,
run_live_random_Evasion_v6,,,,
run_live_random_Evasion_v7,,,,
run_live_random_Evasion_v8,,,,
run_live_random_Evasion_v9,,,,
